mean_fit_time,std_fit_time,mean_score_time,std_score_time,param_model__n_estimators,param_model__min_samples_split,param_model__min_samples_leaf,param_model__max_features,param_model__max_depth,param_model__criterion,param_model__class_weight,params,split0_test_score,split1_test_score,split2_test_score,split3_test_score,mean_test_score,std_test_score,rank_test_score,split0_train_score,split1_train_score,split2_train_score,split3_train_score,mean_train_score,std_train_score,train_validation_gap
2.364819049835205,0.10497002375892345,0.07492923736572266,0.00801995288697555,200,10,6,0.5,6,gini,balanced,"{'model__n_estimators': 200, 'model__min_samples_split': 10, 'model__min_samples_leaf': 6, 'model__max_features': 0.5, 'model__max_depth': 6, 'model__criterion': 'gini', 'model__class_weight': 'balanced'}",0.7912111847003805,0.852919898637576,0.7959276456161806,0.8695204347689571,0.8273947909307735,0.03437126556555347,35,0.9806985425746264,0.9893719113734966,0.9891156483843341,0.9911647229503456,0.9875877063207007,0.004055046846499534,0.1601929153899272
3.8227994441986084,0.7017563868219476,0.09655910730361938,0.025235649397499296,200,15,6,,,gini,,"{'model__n_estimators': 200, 'model__min_samples_split': 15, 'model__min_samples_leaf': 6, 'model__max_features': None, 'model__max_depth': None, 'model__criterion': 'gini', 'model__class_weight': None}",0.8658020550703442,0.8592992784578383,0.7858464995050264,0.8476865834716765,0.8396586041262213,0.03173888455665181,23,0.9913914343339382,0.9838816152003065,0.9875459660741325,0.9875355541103131,0.9875886424296726,0.0026555562876440886,0.1479300383034513
7.915244281291962,0.7512630385663795,0.26514697074890137,0.07673096442092728,600,20,8,log2,8,entropy,balanced_subsample,"{'model__n_estimators': 600, 'model__min_samples_split': 20, 'model__min_samples_leaf': 8, 'model__max_features': 'log2', 'model__max_depth': 8, 'model__criterion': 'entropy', 'model__class_weight': 'balanced_subsample'}",0.8161917738400107,0.8639957264957264,0.7835635040194403,0.8847165747592274,0.8371168947786012,0.03966745352563477,26,0.9839144835862424,0.9889619419884897,0.9891156483843341,0.9896473519445155,0.9879098564758955,0.0023207064163265115,0.15079296169729428
10.893126726150513,0.5994248231037559,0.29086917638778687,0.06782842656106126,800,2,6,0.5,12,entropy,,"{'model__n_estimators': 800, 'model__min_samples_split': 2, 'model__min_samples_leaf': 6, 'model__max_features': 0.5, 'model__max_depth': 12, 'model__criterion': 'entropy', 'model__class_weight': None}",0.8624201359655206,0.8592992784578383,0.7943046562198526,0.8607750587370891,0.8441997823450752,0.028828108971266884,12,0.9921857724920549,0.9907772765111665,0.9906462941995474,0.9903959344789794,0.991001319420437,0.0006974342511790317,0.1468015370753618
3.7225420475006104,0.6759950909999722,0.08693575859069824,0.02425330164272736,200,20,6,,20,gini,,"{'model__n_estimators': 200, 'model__min_samples_split': 20, 'model__min_samples_leaf': 6, 'model__max_features': None, 'model__max_depth': 20, 'model__criterion': 'gini', 'model__class_weight': None}",0.857694488609311,0.8592992784578383,0.7858464995050264,0.8373753618672322,0.835053907109852,0.029695084095744746,28,0.9899448346058701,0.982443705628699,0.9875459660741325,0.9872151159443712,0.9867874055632682,0.002720084442594966,0.15173349845341622
2.5374982357025146,0.329952336704476,0.07952779531478882,0.01929936480631589,200,15,4,0.75,8,gini,balanced,"{'model__n_estimators': 200, 'model__min_samples_split': 15, 'model__min_samples_leaf': 4, 'model__max_features': 0.75, 'model__max_depth': 8, 'model__criterion': 'gini', 'model__class_weight': 'balanced'}",0.7862344142651105,0.852919898637576,0.7943046562198526,0.8526281747812661,0.8215217859759513,0.03138239816218181,43,0.9893571169439918,0.9933230817362869,0.9962085456980216,0.9944014167940558,0.993322540293089,0.0025108556476012883,0.1718007543171377
10.557953834533691,1.1453809295698956,0.3180828094482422,0.06067098265534342,800,15,4,log2,6,entropy,balanced_subsample,"{'model__n_estimators': 800, 'model__min_samples_split': 15, 'model__min_samples_leaf': 4, 'model__max_features': 'log2', 'model__max_depth': 6, 'model__criterion': 'entropy', 'model__class_weight': 'balanced_subsample'}",0.8332002819631685,0.8731416549789621,0.7730595259388611,0.886762164058122,0.8415409067347783,0.04416682844848769,19,0.9874669703692273,0.9874995139624205,0.9882891900811303,0.989210058988472,0.9881164333503125,0.0007120838467904973,0.1465755266155342
5.387268364429474,0.7172617644304308,0.15011531114578247,0.02679178079393455,400,2,1,0.5,,entropy,balanced,"{'model__n_estimators': 400, 'model__min_samples_split': 2, 'model__min_samples_leaf': 1, 'model__max_features': 0.5, 'model__max_depth': None, 'model__criterion': 'entropy', 'model__class_weight': 'balanced'}",0.8030076916764743,0.8592992784578383,0.7943046562198526,0.856695039201443,0.828326666388902,0.02984382235419746,33,1.0,1.0,0.9996781340654859,1.0,0.9999195335163715,0.00013937203795101868,0.17159286712746957
10.052128434181213,1.4134931826831945,0.22798937559127808,0.03909338162081854,600,2,1,,6,gini,balanced,"{'model__n_estimators': 600, 'model__min_samples_split': 2, 'model__min_samples_leaf': 1, 'model__max_features': None, 'model__max_depth': 6, 'model__criterion': 'gini', 'model__class_weight': 'balanced'}",0.7981113423848861,0.852919898637576,0.7943046562198526,0.8518245171335059,0.8242901035939552,0.028117004133945647,40,0.9919911580475136,0.9960422439445864,0.9946174495439202,0.9920579425607206,0.9936771985241851,0.0017278768897742848,0.16938709493022996
4.977713108062744,0.5961771180713006,0.07638823986053467,0.008750364512116455,200,15,2,0.75,16,entropy,balanced_subsample,"{'model__n_estimators': 200, 'model__min_samples_split': 15, 'model__min_samples_leaf': 2, 'model__max_features': 0.75, 'model__max_depth': 16, 'model__criterion': 'entropy', 'model__class_weight': 'balanced_subsample'}",0.8334628669070407,0.852919898637576,0.7858464995050264,0.8540157392889974,0.8315612510846602,0.027630827532540335,32,0.9938246984007453,0.993116189546736,0.9914759205160485,0.9931306320079523,0.9928868601178704,0.0008634679968234137,0.16132560903321025
3.866661250591278,0.47429835193799114,0.08367770910263062,0.012347114297199988,200,4,3,,6,gini,,"{'model__n_estimators': 200, 'model__min_samples_split': 4, 'model__min_samples_leaf': 3, 'model__max_features': None, 'model__max_depth': 6, 'model__criterion': 'gini', 'model__class_weight': None}",0.8915634929861271,0.8592992784578383,0.7858464995050264,0.7590864701077701,0.8239489352641904,0.05357310467200604,41,0.9918503330987248,0.9888760110340828,0.9906594880233073,0.9764818573012357,0.9869669223643378,0.00614540377991878,0.16301798710014737
15.608815968036652,2.631920096191271,0.2617033123970032,0.039936527921134383,800,10,2,,,gini,,"{'model__n_estimators': 800, 'model__min_samples_split': 10, 'model__min_samples_leaf': 2, 'model__max_features': None, 'model__max_depth': None, 'model__criterion': 'gini', 'model__class_weight': None}",0.8755987470107153,0.852919898637576,0.7858464995050264,0.847178103187495,0.8403858120852031,0.03323298792956791,20,0.9958930443359401,0.9935313820001752,0.9925697346994528,0.9926762501667905,0.9936676028005897,0.001337837858800793,0.1532817907153866
9.981604158878326,1.2845624312783588,0.20796644687652588,0.013808650498434674,600,2,4,0.75,8,gini,,"{'model__n_estimators': 600, 'model__min_samples_split': 2, 'model__min_samples_leaf': 4, 'model__max_features': 0.75, 'model__max_depth': 8, 'model__criterion': 'gini', 'model__class_weight': None}",0.8563759190633651,0.8592992784578383,0.790124410695234,0.8282087773367225,0.83350209638829,0.02783140855745288,30,0.9926729847559418,0.9895888761710238,0.9906594880233073,0.9926762501667905,0.9913993997792658,0.001330209640201892,0.15789730339097585
5.868476629257202,1.258409415807266,0.12805789709091187,0.02931474760573947,300,2,4,,16,gini,,"{'model__n_estimators': 300, 'model__min_samples_split': 2, 'model__min_samples_leaf': 4, 'model__max_features': None, 'model__max_depth': 16, 'model__criterion': 'gini', 'model__class_weight': None}",0.8714473052896746,0.8592992784578383,0.7858464995050264,0.8512809422841251,0.8419685063841661,0.03318793592600343,16,0.9942802473793011,0.9879963119160362,0.9906594880233073,0.9920290037904872,0.991241262777283,0.0022761882210977674,0.14927275639311688
10.928883612155914,0.2941673231995822,0.33561015129089355,0.009309278256581729,800,10,1,sqrt,8,entropy,balanced_subsample,"{'model__n_estimators': 800, 'model__min_samples_split': 10, 'model__min_samples_leaf': 1, 'model__max_features': 'sqrt', 'model__max_depth': 8, 'model__criterion': 'entropy', 'model__class_weight': 'balanced_subsample'}",0.8460736378548549,0.8775968263910637,0.7662078132249748,0.8847165747592274,0.8436487130575302,0.0470159996458778,14,0.997014570492183,0.9952856394183347,0.9925650690766037,0.9937793160869187,0.9946611487685101,0.001665815215916746,0.1510124357109799
12.862682580947876,0.1840656912181935,0.25063562393188477,0.066503363921516,600,4,6,0.5,10,entropy,balanced_subsample,"{'model__n_estimators': 600, 'model__min_samples_split': 4, 'model__min_samples_leaf': 6, 'model__max_features': 0.5, 'model__max_depth': 10, 'model__criterion': 'entropy', 'model__class_weight': 'balanced_subsample'}",0.7847392001571984,0.8592992784578383,0.7858464995050264,0.8546600904877961,0.8211362671519649,0.03588306128725874,47,0.9878245587410172,0.9886435991272838,0.9891003915294443,0.989210058988472,0.9886946520965543,0.0005454213061156034,0.1675583849445894
7.700005948543549,0.8901674413221071,0.1996670365333557,0.015577230874013706,600,10,4,0.5,10,gini,balanced,"{'model__n_estimators': 600, 'model__min_samples_split': 10, 'model__min_samples_leaf': 4, 'model__max_features': 0.5, 'model__max_depth': 10, 'model__criterion': 'gini', 'model__class_weight': 'balanced'}",0.7848225839235602,0.852919898637576,0.7959276456161806,0.8695204347689571,0.8257976407365686,0.03611949432428664,37,0.991532993216282,0.9962323759360463,0.9973149819216518,0.9973642123586224,0.9956111408581506,0.0023975797831524846,0.16981350012158203
13.669701635837555,2.0689625147447446,0.3538459539413452,0.14816285761703302,800,20,6,,16,gini,balanced,"{'model__n_estimators': 800, 'model__min_samples_split': 20, 'model__min_samples_leaf': 6, 'model__max_features': None, 'model__max_depth': 16, 'model__criterion': 'gini', 'model__class_weight': 'balanced'}",0.7654613044575956,0.8513683538073057,0.7943046562198526,0.5562309193340258,0.7418413084546949,0.11153216720200498,50,0.9879356500348597,0.9897637022545601,0.9896136095879173,0.9861922670133443,0.9883763072226703,0.0014508611676070536,0.24653499876797547
12.222716450691223,1.6296935740137168,0.25670409202575684,0.06727966144468978,600,6,3,,24,entropy,balanced,"{'model__n_estimators': 600, 'model__min_samples_split': 6, 'model__min_samples_leaf': 3, 'model__max_features': None, 'model__max_depth': 24, 'model__criterion': 'entropy', 'model__class_weight': 'balanced'}",0.7703798664789581,0.8521419398491609,0.7943046562198526,0.8538552256453378,0.8176704220483273,0.03633173960072007,48,0.9936135854327433,0.9962275147695008,0.9985680063914328,0.996960971908601,0.9963425196255695,0.0017885456743619503,0.17867209757724223
3.0805394053459167,0.5029987086578919,0.1866399645805359,0.08047599793312096,300,4,4,sqrt,24,gini,,"{'model__n_estimators': 300, 'model__min_samples_split': 4, 'model__min_samples_leaf': 4, 'model__max_features': 'sqrt', 'model__max_depth': 24, 'model__criterion': 'gini', 'model__class_weight': None}",0.8464485276677667,0.8686088830783365,0.8394693962997335,0.8890342229076782,0.8608902574883787,0.019487668054409678,3,0.9945931610647303,0.9918315953463808,0.9917599033639244,0.9918186671958884,0.9925008317427308,0.0012083090123585698,0.1316105742543522
3.1942338347434998,0.49513674522200707,0.08894026279449463,0.004633929320474166,200,2,6,0.5,20,entropy,balanced,"{'model__n_estimators': 200, 'model__min_samples_split': 2, 'model__min_samples_leaf': 6, 'model__max_features': 0.5, 'model__max_depth': 20, 'model__criterion': 'entropy', 'model__class_weight': 'balanced'}",0.7760598800290834,0.8592992784578383,0.7959276456161806,0.8546600904877961,0.8214867236477246,0.036218524817242505,44,0.990161376759598,0.9951891436139109,0.9946061642641871,0.9939021925398517,0.9934647192943868,0.001960866555600531,0.17197799564666227
12.988147139549255,0.9158191576139014,0.28643518686294556,0.023851394043436214,800,2,2,sqrt,20,entropy,balanced_subsample,"{'model__n_estimators': 800, 'model__min_samples_split': 2, 'model__min_samples_leaf': 2, 'model__max_features': 'sqrt', 'model__max_depth': 20, 'model__criterion': 'entropy', 'model__class_weight': 'balanced_subsample'}",0.8479650630246157,0.8731416549789621,0.7712645107439601,0.8822984541709376,0.8436674207296189,0.043651283867191686,13,0.997818887665123,0.9985420654005334,0.9984233309698847,0.9965084813699343,0.9978231913513689,0.0008070669608640623,0.15415577062175
8.994772851467133,0.7839525459305,0.24062323570251465,0.04958471617877745,600,4,4,0.5,12,entropy,balanced,"{'model__n_estimators': 600, 'model__min_samples_split': 4, 'model__min_samples_leaf': 4, 'model__max_features': 0.5, 'model__max_depth': 12, 'model__criterion': 'entropy', 'model__class_weight': 'balanced'}",0.77728072133896,0.8592992784578383,0.7943046562198526,0.8546600904877961,0.8213861866261116,0.03613605044750613,45,0.993933592994924,0.9979046092678104,0.9973149819216518,0.9970387943681651,0.9965479946381379,0.001541480868641245,0.1751618080120263
4.18349689245224,0.3628588560913418,0.1795363426208496,0.04027969420590916,400,6,2,sqrt,16,gini,balanced,"{'model__n_estimators': 400, 'model__min_samples_split': 6, 'model__min_samples_leaf': 2, 'model__max_features': 'sqrt', 'model__max_depth': 16, 'model__criterion': 'gini', 'model__class_weight': 'balanced'}",0.8074302494953377,0.8639957264957264,0.7943046562198526,0.8869924401839295,0.8381807680987116,0.03846979008513384,24,1.0,0.9986331564375607,0.9988891802561481,0.9981344082276282,0.9989141862303341,0.0006831266937895381,0.16073341813162256
3.480878710746765,0.3528410293792016,0.12910175323486328,0.03060333613760849,300,6,3,0.5,12,gini,balanced,"{'model__n_estimators': 300, 'model__min_samples_split': 6, 'model__min_samples_leaf': 3, 'model__max_features': 0.5, 'model__max_depth': 12, 'model__criterion': 'gini', 'model__class_weight': 'balanced'}",0.7871009969010637,0.852919898637576,0.7959276456161806,0.8647409814223084,0.8251723806442821,0.034059813964943536,38,0.9991970629976474,0.9962323759360463,0.9973149819216518,0.9973642123586224,0.9975271583034919,0.0010649663450751504,0.1723547776592098
3.9283955097198486,0.3766767059507199,0.18371599912643433,0.04007030403209403,400,10,2,sqrt,10,gini,,"{'model__n_estimators': 400, 'model__min_samples_split': 10, 'model__min_samples_leaf': 2, 'model__max_features': 'sqrt', 'model__max_depth': 10, 'model__criterion': 'gini', 'model__class_weight': None}",0.8248505284581411,0.8731416549789621,0.8797329043526685,0.8890342229076782,0.8666898276743625,0.024806989348022827,2,0.9953939604486255,0.9942336398354877,0.9917599033639244,0.9930052587434849,0.9935981905978807,0.0013564156100641998,0.12690836292351815
7.460284531116486,0.5468583995969181,0.3911309242248535,0.08335169010191137,800,4,1,log2,,gini,,"{'model__n_estimators': 800, 'model__min_samples_split': 4, 'model__min_samples_leaf': 1, 'model__max_features': 'log2', 'model__max_depth': None, 'model__criterion': 'gini', 'model__class_weight': None}",0.8271902916349754,0.8639957264957264,0.8913710156756525,0.8847165747592274,0.8668184021413955,0.025007649102474546,1,1.0,1.0,1.0,0.9992290701591371,0.9998072675397842,0.0003338224133613876,0.13298886539838872
6.236314237117767,0.5276571980408409,0.26414740085601807,0.06627463141144857,600,4,2,log2,16,gini,balanced,"{'model__n_estimators': 600, 'model__min_samples_split': 4, 'model__min_samples_leaf': 2, 'model__max_features': 'log2', 'model__max_depth': 16, 'model__criterion': 'gini', 'model__class_weight': 'balanced'}",0.8060066078266842,0.8686088830783365,0.7943046562198526,0.8910798122065728,0.8399999898328616,0.04083880067008264,21,1.0,0.9993625374450043,0.9996781340654859,0.9996731448434362,0.9996784540884815,0.00022540152469419073,0.15967846425561993
11.066015243530273,1.2138124090123317,0.23400509357452393,0.028130907351804842,600,6,6,0.75,24,gini,balanced_subsample,"{'model__n_estimators': 600, 'model__min_samples_split': 6, 'model__min_samples_leaf': 6, 'model__max_features': 0.75, 'model__max_depth': 24, 'model__criterion': 'gini', 'model__class_weight': 'balanced_subsample'}",0.7772194381883187,0.852919898637576,0.7858464995050264,0.8546600904877961,0.8176614817046792,0.03626225652328995,49,0.9869619294563771,0.9884673564454785,0.9883389543212001,0.9903914886740646,0.98853993222428,0.0012210664788867155,0.17087845051960082
7.844753742218018,0.7658774835659266,0.28637224435806274,0.044353056092808534,800,4,4,sqrt,8,gini,,"{'model__n_estimators': 800, 'model__min_samples_split': 4, 'model__min_samples_leaf': 4, 'model__max_features': 'sqrt', 'model__max_depth': 8, 'model__criterion': 'gini', 'model__class_weight': None}",0.8388868455600269,0.8592992784578383,0.8560615694718513,0.886762164058122,0.8602524643869596,0.017159006440627365,5,0.9937937474732572,0.9918315953463808,0.9917599033639244,0.9918186671958884,0.9923009783448626,0.0008622740645197896,0.13204851395790307
5.020013093948364,0.3762117761014217,0.13860082626342773,0.007818266409354084,400,4,1,0.5,6,gini,,"{'model__n_estimators': 400, 'model__min_samples_split': 4, 'model__min_samples_leaf': 1, 'model__max_features': 0.5, 'model__max_depth': 6, 'model__criterion': 'gini', 'model__class_weight': None}",0.8709370681518332,0.8592992784578383,0.7943046562198526,0.863432779176191,0.8469934455014289,0.030704603881195593,10,0.9930074749799034,0.9942391905804101,0.992553831369483,0.9930150154233601,0.9932038780882891,0.0006262339778708829,0.14621043258686028
3.743565261363983,0.11554021743881628,0.11935269832611084,0.037964397983941085,300,15,2,sqrt,10,gini,balanced_subsample,"{'model__n_estimators': 300, 'model__min_samples_split': 15, 'model__min_samples_leaf': 2, 'model__max_features': 'sqrt', 'model__max_depth': 10, 'model__criterion': 'gini', 'model__class_weight': 'balanced_subsample'}",0.8408398208518981,0.8592992784578383,0.7926671235451337,0.886762164058122,0.844892096728248,0.03429481807559518,11,0.9954169523149882,0.9923945842401483,0.9933464849991409,0.9937793160869187,0.993734334410299,0.0010929986331838096,0.14884223768205096
14.413533926010132,0.5757397287979442,0.30922144651412964,0.054226897953797405,800,15,2,0.75,12,entropy,,"{'model__n_estimators': 800, 'model__min_samples_split': 15, 'model__min_samples_leaf': 2, 'model__max_features': 0.75, 'model__max_depth': 12, 'model__criterion': 'entropy', 'model__class_weight': None}",0.8531890458737775,0.8592992784578383,0.790124410695234,0.8291079924417863,0.8329301818671591,0.02716934855436303,31,0.9962150834367165,0.9936933458317421,0.9906594880233073,0.9911599291249152,0.9929319616041703,0.0022171394967723506,0.16000177973701124
5.568709433078766,0.6512256304796682,0.14864420890808105,0.038320717286484236,300,10,6,,10,gini,,"{'model__n_estimators': 300, 'model__min_samples_split': 10, 'model__min_samples_leaf': 6, 'model__max_features': None, 'model__max_depth': 10, 'model__criterion': 'gini', 'model__class_weight': None}",0.8875497593935167,0.8592992784578383,0.7858464995050264,0.8615231482168089,0.8485546713932977,0.03787003987919448,9,0.9926617542189338,0.9845915645952981,0.9891003915294443,0.9894945602287684,0.9889620676431111,0.0028762675250042272,0.14040739624981347
2.139082908630371,0.13454234878781562,0.10608911514282227,0.026860013551385155,200,15,4,log2,12,gini,,"{'model__n_estimators': 200, 'model__min_samples_split': 15, 'model__min_samples_leaf': 4, 'model__max_features': 'log2', 'model__max_depth': 12, 'model__criterion': 'gini', 'model__class_weight': None}",0.851529027306992,0.8676255547207625,0.8378164874150764,0.8847165747592274,0.8604219110505146,0.0175514367350709,4,0.9929957045580935,0.9915090878296786,0.9909646868604005,0.9918186671958884,0.9918220366110153,0.0007433863964279271,0.13140012556050074
4.349096357822418,0.3636772031477015,0.122913658618927,0.021485451969099793,300,20,1,log2,20,entropy,balanced_subsample,"{'model__n_estimators': 300, 'model__min_samples_split': 20, 'model__min_samples_leaf': 1, 'model__max_features': 'log2', 'model__max_depth': 20, 'model__criterion': 'entropy', 'model__class_weight': 'balanced_subsample'}",0.8475605866919222,0.8819770654877037,0.7754442325111134,0.8929244235458738,0.8494765770591532,0.0459033118924849,8,0.995409386093189,0.993116189546736,0.9902132450463083,0.9930052587434849,0.9929360198574295,0.0018417585583185335,0.14345944279827627
2.388277769088745,0.1325302602109064,0.0770384669303894,0.007324711805406553,200,15,6,sqrt,8,gini,balanced_subsample,"{'model__n_estimators': 200, 'model__min_samples_split': 15, 'model__min_samples_leaf': 6, 'model__max_features': 'sqrt', 'model__max_depth': 8, 'model__criterion': 'gini', 'model__class_weight': 'balanced_subsample'}",0.8176719974693738,0.8592992784578383,0.800747846534543,0.8888118235755519,0.8416327365093267,0.03458201918776529,18,0.9914321628053657,0.9879010719158906,0.9906724996626384,0.9916030545461673,0.9904021972325154,0.0014858986020418695,0.14876946072318875
4.079755783081055,0.49751572381042325,0.16911280155181885,0.03896204517986503,400,6,4,sqrt,,gini,balanced,"{'model__n_estimators': 400, 'model__min_samples_split': 6, 'model__min_samples_leaf': 4, 'model__max_features': 'sqrt', 'model__max_depth': None, 'model__criterion': 'gini', 'model__class_weight': 'balanced'}",0.7872939900809998,0.8775968263910637,0.7983906055551004,0.8869924401839295,0.8375684655527733,0.04502062454503705,25,0.997419138491742,0.9974952708969558,0.9973149819216518,0.9958569322698216,0.9970215808950428,0.0006754488957816005,0.15945311534226947
4.5911059975624084,0.6769714893998959,0.16482305526733398,0.01800005139207618,400,20,8,sqrt,,entropy,balanced,"{'model__n_estimators': 400, 'model__min_samples_split': 20, 'model__min_samples_leaf': 8, 'model__max_features': 'sqrt', 'model__max_depth': None, 'model__criterion': 'entropy', 'model__class_weight': 'balanced'}",0.7988500194700954,0.8592992784578383,0.7903093307952525,0.8931294717240027,0.8353970251117971,0.04264075781164734,27,0.9893571169439918,0.9893383722823466,0.9906853306945358,0.9924847695300458,0.9904663973627299,0.0012869247879092388,0.15506937225093276
9.953520655632019,1.4593519758499955,0.2057647705078125,0.08521410706765019,400,4,1,,10,entropy,,"{'model__n_estimators': 400, 'model__min_samples_split': 4, 'model__min_samples_leaf': 1, 'model__max_features': None, 'model__max_depth': 10, 'model__criterion': 'entropy', 'model__class_weight': None}",0.8403697953056315,0.852919898637576,0.7858464995050264,0.8261514159766488,0.8263219023562207,0.025214499816936603,36,1.0,1.0,1.0,1.0,1.0,0.0,0.17367809764377928
7.5802642703056335,0.44892224152763166,0.21923476457595825,0.07624236017686098,400,2,8,0.75,6,entropy,,"{'model__n_estimators': 400, 'model__min_samples_split': 2, 'model__min_samples_leaf': 8, 'model__max_features': 0.75, 'model__max_depth': 6, 'model__criterion': 'entropy', 'model__class_weight': None}",0.8957923396972254,0.8592992784578383,0.7858464995050264,0.8263774273081077,0.8418288862420495,0.04058954336077008,17,0.9896179449197655,0.9865554968121449,0.986732679467801,0.9885260103237483,0.9878580328808649,0.0012753925634367911,0.1460291466388154
8.618749856948853,0.8757939766763316,0.12217921018600464,0.021636360744354495,300,2,1,,24,entropy,balanced_subsample,"{'model__n_estimators': 300, 'model__min_samples_split': 2, 'model__min_samples_leaf': 1, 'model__max_features': None, 'model__max_depth': 24, 'model__criterion': 'entropy', 'model__class_weight': 'balanced_subsample'}",0.8217076340060828,0.852919898637576,0.7858464995050264,0.8526281747812661,0.8282755517324878,0.027585123254735017,34,1.0,1.0,1.0,1.0,1.0,0.0,0.1717244482675122
6.614559650421143,0.6953028456445697,0.23361283540725708,0.014708492211774601,600,2,8,log2,6,entropy,,"{'model__n_estimators': 600, 'model__min_samples_split': 2, 'model__min_samples_leaf': 8, 'model__max_features': 'log2', 'model__max_depth': 6, 'model__criterion': 'entropy', 'model__class_weight': None}",0.8508159092776582,0.8583172238104019,0.8295983161043807,0.886762164058122,0.8563734033126407,0.020463664461261678,6,0.9889698225296502,0.986383180089584,0.9772347743812823,0.9892028242049141,0.9854476503013577,0.004869126593007202,0.12907424698871706
6.586573600769043,0.2777556591107758,0.1193239688873291,0.006267535198088955,300,6,8,0.75,24,entropy,balanced_subsample,"{'model__n_estimators': 300, 'model__min_samples_split': 6, 'model__min_samples_leaf': 8, 'model__max_features': 0.75, 'model__max_depth': 24, 'model__criterion': 'entropy', 'model__class_weight': 'balanced_subsample'}",0.7994331684476272,0.8592992784578383,0.7858464995050264,0.853376577504713,0.8244888809788012,0.0322772565424607,39,0.984423849596128,0.9879257164635056,0.9883389543212001,0.9900682350108765,0.9876891888479276,0.0020494170852935656,0.16320030786912632
3.260947585105896,0.283667367641432,0.1390380859375,0.03694957742221841,300,4,2,log2,12,entropy,,"{'model__n_estimators': 300, 'model__min_samples_split': 4, 'model__min_samples_leaf': 2, 'model__max_features': 'log2', 'model__max_depth': 12, 'model__criterion': 'entropy', 'model__class_weight': None}",0.8202632734816621,0.898798335123523,0.8088958660387232,0.8890342229076782,0.8542479243878967,0.04002059268409775,7,0.9978154284617229,0.9972782329297659,0.9972796369203849,0.9945523065498365,0.9967314012154276,0.0012770234868938702,0.14248347682753093
5.36243212223053,0.28303412622120694,0.13415741920471191,0.029145629496570912,400,10,6,0.5,8,entropy,balanced,"{'model__n_estimators': 400, 'model__min_samples_split': 10, 'model__min_samples_leaf': 6, 'model__max_features': 0.5, 'model__max_depth': 8, 'model__criterion': 'entropy', 'model__class_weight': 'balanced'}",0.7797963847835558,0.8592992784578383,0.7959276456161806,0.8540157392889974,0.822259762036643,0.03491735467817842,42,0.9885716981619159,0.9951891436139109,0.9922550130047374,0.9939021925398517,0.992479511830104,0.002484327484127901,0.170219749793461
7.101178407669067,1.3002676004818887,0.12973886728286743,0.010828911633818236,400,2,4,,8,gini,,"{'model__n_estimators': 400, 'model__min_samples_split': 2, 'model__min_samples_leaf': 4, 'model__max_features': None, 'model__max_depth': 8, 'model__criterion': 'gini', 'model__class_weight': None}",0.8714473052896746,0.8592992784578383,0.7858464995050264,0.8430691216178835,0.8399155512176057,0.0328001057770865,22,0.9934717204935668,0.9879963119160362,0.9906594880233073,0.9920290037904872,0.9910391310558494,0.0020186763332097624,0.15112357983824365
5.954945206642151,0.24714467350592495,0.2257196307182312,0.01707910683827257,600,15,3,sqrt,8,entropy,balanced,"{'model__n_estimators': 600, 'model__min_samples_split': 15, 'model__min_samples_leaf': 3, 'model__max_features': 'sqrt', 'model__max_depth': 8, 'model__criterion': 'entropy', 'model__class_weight': 'balanced'}",0.7920185531125178,0.8731416549789621,0.7842539081070696,0.886762164058122,0.8340440700641678,0.04624127724039538,29,0.996221236136503,0.994242645102709,0.9920360712870728,0.9939021925398517,0.994100536266534,0.001484833218339821,0.16005646620236624
7.322831869125366,0.5666173767578692,0.2679591178894043,0.0248184079367864,800,20,2,sqrt,10,gini,balanced,"{'model__n_estimators': 800, 'model__min_samples_split': 20, 'model__min_samples_leaf': 2, 'model__max_features': 'sqrt', 'model__max_depth': 10, 'model__criterion': 'gini', 'model__class_weight': 'balanced'}",0.8061970655431565,0.8731416549789621,0.7983906055551004,0.8910798122065728,0.842202284570948,0.04050338369952091,15,0.9983927373766408,0.994242645102709,0.9930352736213626,0.993454620067391,0.9947813190420258,0.0021296312345573144,0.1525790344710778
11.2275630235672,0.44092666466570773,0.1542055606842041,0.0402784152226075,800,6,6,0.5,16,entropy,balanced_subsample,"{'model__n_estimators': 800, 'model__min_samples_split': 6, 'model__min_samples_leaf': 6, 'model__max_features': 0.5, 'model__max_depth': 16, 'model__criterion': 'entropy', 'model__class_weight': 'balanced_subsample'}",0.7810113630863359,0.8592992784578383,0.7858464995050264,0.8587332760133405,0.8212226042656353,0.03783284392467947,46,0.9878245587410172,0.9893622140564122,0.9898793491069673,0.989210058988472,0.9890690452232171,0.0007601269359698079,0.16784644095758183
