mean_fit_time,std_fit_time,mean_score_time,std_score_time,param_model__kernel,param_model__gamma,param_model__class_weight,param_model__C,params,split0_test_score,split1_test_score,split2_test_score,split3_test_score,mean_test_score,std_test_score,rank_test_score,split0_train_score,split1_train_score,split2_train_score,split3_train_score,mean_train_score,std_train_score,train_validation_gap
0.25699251890182495,0.01570871135363215,0.24753570556640625,0.026763612581682715,rbf,scale,balanced,1.0,"{'model__kernel': 'rbf', 'model__gamma': 'scale', 'model__class_weight': 'balanced', 'model__C': 1}",0.8814509388768437,0.7345015850651638,0.8403285730464134,0.8328803449094262,0.8222903604744618,0.05395453643553115,17,0.9882080705368133,0.9825281448653204,0.9783668633137093,0.984980925342032,0.9835210010144687,0.0035934279776000024,0.1612306405400069
0.25491827726364136,0.06310349254739403,0.34677743911743164,0.046870933812068465,rbf,0.001,,10.0,"{'model__kernel': 'rbf', 'model__gamma': 0.001, 'model__class_weight': None, 'model__C': 10}",0.8514951735661855,0.6519656948467295,0.785381009138659,0.7867665172776381,0.7689020987073031,0.0726058374071068,31,0.906276815484564,0.8974667328272021,0.9117023249890615,0.9624566711104487,0.9194756361028191,0.025329796806857204,0.15057353739551604
0.5185391306877136,0.040538021099683776,0.4460880160331726,0.06334467536222835,rbf,0.03,,0.1,"{'model__kernel': 'rbf', 'model__gamma': 0.03, 'model__class_weight': None, 'model__C': 0.1}",0.8182698701705395,0.5621767435864901,0.625630291095747,0.7125574331704513,0.6796585845058071,0.09619831364385303,42,0.8377984036327067,0.7772864140586674,0.7981292498049062,0.8449233701962792,0.8145343594231399,0.02793405083502771,0.13487577491733282
1.1356974244117737,0.16912303833221043,0.4780716300010681,0.06755557669868727,rbf,1,balanced,1.0,"{'model__kernel': 'rbf', 'model__gamma': 1, 'model__class_weight': 'balanced', 'model__C': 1}",0.6227216109932597,0.6614016826818918,0.8599337443653823,0.6962051093399907,0.7100655368451311,0.0903461719736876,38,0.9955466293362731,0.9917366297212493,0.9940395968468743,0.9927427119548835,0.99351639196482,0.0014284380923289461,0.2834508551196889
0.9021404981613159,0.09410442750352185,0.6824323534965515,0.08725970385254105,rbf,0.003,balanced,1.0,"{'model__kernel': 'rbf', 'model__gamma': 0.003, 'model__class_weight': 'balanced', 'model__C': 1}",0.8714298257560138,0.643479943038643,0.7489338360867923,0.7646483959380571,0.7571230002048766,0.08078441805131706,32,0.8631819419763395,0.8238219191910725,0.8945132280135915,0.9303892636865463,0.8779765882168874,0.039281543822551813,0.12085358801201085
0.2797287702560425,0.04109582378755392,0.24609047174453735,0.03565196757917464,rbf,0.1,,10.0,"{'model__kernel': 'rbf', 'model__gamma': 0.1, 'model__class_weight': None, 'model__C': 10}",0.8876285499269826,0.7345015850651638,0.8462118758138719,0.8699292764202371,0.8345678218065637,0.05961272739603283,10,0.9956499399947847,0.9913224405927666,0.9925424517944001,0.9919011193288001,0.992853987927688,0.0016709277759449595,0.15828616612112423
1.5818376541137695,0.06544138467326331,1.0976150035858154,0.14598455062915008,rbf,0.003,balanced,0.3,"{'model__kernel': 'rbf', 'model__gamma': 0.003, 'model__class_weight': 'balanced', 'model__C': 0.3}",0.6945961337440957,0.5892287000900881,0.6936349630869656,0.6915231341652227,0.667245732771593,0.04505686828012149,43,0.7702561712186823,0.7841848471320242,0.7703162220136881,0.8253552644858718,0.7875281262125666,0.0225645738959341,0.12028239344097358
1.6084610223770142,0.14142968621764354,1.259102463722229,0.16300933833833905,rbf,0.01,balanced,0.1,"{'model__kernel': 'rbf', 'model__gamma': 0.01, 'model__class_weight': 'balanced', 'model__C': 0.1}",0.7275630026342328,0.6114071105211365,0.7016169463291229,0.7427665074630141,0.6958383917368767,0.05091839530832978,39,0.8059480063173291,0.796642684753808,0.7847416773424417,0.8486985842175432,0.8090077381577805,0.024116703096879064,0.11316934642090382
3.084523022174835,0.3834390497340977,1.6404444575309753,0.09207799418196716,rbf,0.003,balanced,0.1,"{'model__kernel': 'rbf', 'model__gamma': 0.003, 'model__class_weight': 'balanced', 'model__C': 0.1}",0.6967643816879292,0.5553653052955038,0.5526052212948017,0.6675185966350559,0.6180633762283226,0.06491433823091244,46,0.7415718929836481,0.7597947032152814,0.7475740866251342,0.7747284353152141,0.7559172795348195,0.012691463463907836,0.13785390330649683
0.40829789638519287,0.09984991157990511,0.4298654794692993,0.0924638935160599,rbf,0.03,balanced,1.0,"{'model__kernel': 'rbf', 'model__gamma': 0.03, 'model__class_weight': 'balanced', 'model__C': 1}",0.8873588303569195,0.7890700678075557,0.764207660806314,0.7757770563296613,0.8041034038251127,0.04886593781015809,25,0.9798531922405157,0.9542147436146055,0.9389836621689994,0.9695671699446475,0.9606546919921921,0.01548484052017951,0.15655128816707942
0.5889924168586731,0.07196771178723536,0.5611862540245056,0.058628235759955676,rbf,0.001,balanced,10.0,"{'model__kernel': 'rbf', 'model__gamma': 0.001, 'model__class_weight': 'balanced', 'model__C': 10}",0.9256144217299581,0.6862734684337561,0.7604262612670882,0.7722960975083666,0.7861525622347922,0.0870047237346357,27,0.8984300147831613,0.8920659119527855,0.9094980017825669,0.9469747196278596,0.9117421620365933,0.0212763803989615,0.12558959980180107
1.066016435623169,0.07602854113985325,0.4537227153778076,0.07431516984900736,rbf,1,,3.0,"{'model__kernel': 'rbf', 'model__gamma': 1, 'model__class_weight': None, 'model__C': 3}",0.6304974326896473,0.6620246835985487,0.8453104255242851,0.7097059470218225,0.711884622208576,0.08203212741358927,37,0.997582765949782,0.9945491327278612,0.9957043684034176,0.9937793160869187,0.9954038957919948,0.0014324487834354773,0.2835192735834189
0.17768943309783936,0.02266074841463605,0.16082632541656494,0.02914448701074123,rbf,0.03,,10.0,"{'model__kernel': 'rbf', 'model__gamma': 0.03, 'model__class_weight': None, 'model__C': 10}",0.9226832733582551,0.7828134556574924,0.7875315882450542,0.8709807097716269,0.841002256758107,0.05876977344408677,7,0.9898850711427252,0.9805357078154047,0.9771947534197477,0.9896086540067455,0.9843060465961557,0.005568417760112119,0.1433037898380487
0.20230895280838013,0.04534897837190539,0.22979801893234253,0.05177098929970489,rbf,0.001,,100.0,"{'model__kernel': 'rbf', 'model__gamma': 0.001, 'model__class_weight': None, 'model__C': 100}",0.966135495854787,0.9093306669448202,0.7994041913761556,0.8357725554837956,0.8776607274148895,0.06463256551621924,3,0.9431369453187686,0.9446789373853346,0.9579263410406115,0.9767103576368665,0.9556131453453953,0.01346899877138263,0.07795241793050578
0.5475220084190369,0.06273106858703519,0.4117105007171631,0.01982434229044347,rbf,scale,,0.1,"{'model__kernel': 'rbf', 'model__gamma': 'scale', 'model__class_weight': None, 'model__C': 0.1}",0.8136566638682176,0.5785416599418256,0.756873113297975,0.776054400863297,0.7312814594928289,0.09051887881294922,34,0.9239069675678823,0.9019745112575686,0.903722082179111,0.9558377900248267,0.9213603377573472,0.02169157882203907,0.1900788782645183
0.578373372554779,0.03225948562388092,0.5641605854034424,0.042307394445022795,rbf,0.003,,0.3,"{'model__kernel': 'rbf', 'model__gamma': 0.003, 'model__class_weight': None, 'model__C': 0.3}",0.6031810831711966,0.5673847703257144,0.5041459557817074,0.6828070392531342,0.5893797121329382,0.06455175052274711,47,0.6726325614075107,0.7631469755930622,0.7569848329342,0.7747597267206744,0.7418810241638618,0.04048680157007082,0.15250131203092365
0.26876652240753174,0.03968609164994874,0.22861027717590332,0.033174824487122986,rbf,0.1,,3.0,"{'model__kernel': 'rbf', 'model__gamma': 0.1, 'model__class_weight': None, 'model__C': 3}",0.885335387500972,0.7345015850651638,0.7903862917862265,0.8653117113257097,0.818883743919518,0.06021592522571934,19,0.9849919754437113,0.9828155961809862,0.9796177676607059,0.9896086540067455,0.9842584983230371,0.003632509538814244,0.16537475440351912
0.19301652908325195,0.02534647513465776,0.16984862089157104,0.014661449629653177,rbf,scale,,30.0,"{'model__kernel': 'rbf', 'model__gamma': 'scale', 'model__class_weight': None, 'model__C': 30}",0.8792114838647711,0.7251843020791227,0.8498947506811192,0.8679077115211162,0.8305495620365324,0.061724566216615304,14,0.9951525746980292,0.9923598481369217,0.9925650690766037,0.9922301218719779,0.9930769034458832,0.0012043248023868537,0.16252734140935077
0.9653124809265137,0.24135108697753208,0.4103395342826843,0.0663267986399063,rbf,1,,100.0,"{'model__kernel': 'rbf', 'model__gamma': 1, 'model__class_weight': None, 'model__C': 100}",0.6332826138672185,0.6620246835985487,0.8691244545119209,0.7079424824643215,0.7180935586105024,0.09117290024599567,35,1.0,1.0,1.0,1.0,1.0,0.0,0.2819064413894976
0.22003626823425293,0.04086663711209908,0.17208462953567505,0.058839117965260666,rbf,0.01,balanced,30.0,"{'model__kernel': 'rbf', 'model__gamma': 0.01, 'model__class_weight': 'balanced', 'model__C': 30}",0.9215117696165671,0.8126116235170819,0.8619714408246946,0.8734607623053784,0.8673888990659305,0.0387170873458656,4,0.9927353871693392,0.9857765918292234,0.9838004359588755,0.9908023421371474,0.9882786892736464,0.003624438724877761,0.12088979020771584
0.26119738817214966,0.027407279571770325,0.2783592939376831,0.04033954315511987,rbf,0.03,,1.0,"{'model__kernel': 'rbf', 'model__gamma': 0.03, 'model__class_weight': None, 'model__C': 1}",0.9002550127203062,0.7724788051890856,0.8083067863146466,0.8498258282290846,0.8327166081132807,0.04764082758309449,12,0.96264243432765,0.9473761847867394,0.9678023739957,0.9791350656463833,0.9642390146891181,0.01141812117684462,0.13152240657583736
1.0134616494178772,0.08702127578970828,0.7391611337661743,0.05999005393957954,rbf,0.03,balanced,0.1,"{'model__kernel': 'rbf', 'model__gamma': 0.03, 'model__class_weight': 'balanced', 'model__C': 0.1}",0.889985546433842,0.6977307644484525,0.7647120237113969,0.7508068435121471,0.7758087945264596,0.07049954846313952,29,0.8873254259868317,0.8426874580666182,0.9205185894780448,0.9385020770163321,0.8972583876369568,0.03646480832468569,0.12144959311049719
1.4018951654434204,0.07217181269332662,0.6326724290847778,0.06767096848727676,rbf,1,balanced,0.3,"{'model__kernel': 'rbf', 'model__gamma': 1, 'model__class_weight': 'balanced', 'model__C': 0.3}",0.6243130827583391,0.6614016826818918,0.8207811336983593,0.6749149368528609,0.6953527089978627,0.07474839954349878,40,0.9857599121262995,0.9768753288032518,0.9755558426024693,0.9738774967828603,0.9780171450787203,0.004594803691481819,0.28266443608085756
0.23008739948272705,0.053313137230959984,0.27288490533828735,0.016008323137956453,rbf,0.003,,10.0,"{'model__kernel': 'rbf', 'model__gamma': 0.003, 'model__class_weight': None, 'model__C': 10}",0.9191355206748983,0.8315581899501232,0.8211482312992203,0.8480519004397082,0.8549734605909876,0.038265843075008514,5,0.9403388193752278,0.9382938674105843,0.9554739288158876,0.9771434239918559,0.9528125098983888,0.015535929858189834,0.09783904930740128
0.3291393518447876,0.05644738372562533,0.24330615997314453,0.049092819011179026,rbf,0.003,balanced,30.0,"{'model__kernel': 'rbf', 'model__gamma': 0.003, 'model__class_weight': 'balanced', 'model__C': 30}",0.9337587652038478,0.9604632033574336,0.7675064567733008,0.8566512671343561,0.8795949231172345,0.07510598540693478,2,0.9699558641548858,0.9477899975957113,0.9732099381827972,0.9836991479478654,0.9686637369703148,0.013077787627005257,0.0890688138530803
0.5069433450698853,0.060886639183522155,0.29938024282455444,0.05826872642888969,rbf,0.3,balanced,3.0,"{'model__kernel': 'rbf', 'model__gamma': 0.3, 'model__class_weight': 'balanced', 'model__C': 3}",0.8019380582231667,0.7389852558191217,0.8788735124068455,0.8318073735459773,0.8129010499987778,0.050728558732080854,21,0.997582765949782,0.9954971149744938,0.9957125277002864,0.9954966667167191,0.9960722688353203,0.0008765179661014487,0.18317121883654253
0.581148087978363,0.03432428039212604,0.4182409644126892,0.02704959659156593,rbf,0.3,,0.3,"{'model__kernel': 'rbf', 'model__gamma': 0.3, 'model__class_weight': None, 'model__C': 0.3}",0.7266886934630853,0.7087814201443283,0.8462050563187145,0.8144147894001847,0.7740224898315782,0.057746744976882564,30,0.9526388303248805,0.958327510703197,0.9619972220290225,0.9771532850256713,0.9625292120206929,0.009077726431443122,0.18850672218911468
0.27560853958129883,0.019747553371818913,0.2733162045478821,0.0048030247050851824,rbf,0.1,,30.0,"{'model__kernel': 'rbf', 'model__gamma': 0.1, 'model__class_weight': None, 'model__C': 30}",0.8701546579187629,0.7251843020791227,0.837329325799929,0.8753073665148767,0.8269939130781727,0.06055794193597161,16,0.9959641039829663,0.9930844933882317,0.9933464849991409,0.9930052587434849,0.993850085278456,0.0012270443289582311,0.16685617220028326
0.20538556575775146,0.030711146150261832,0.21746474504470825,0.026189943372615255,rbf,0.001,,30.0,"{'model__kernel': 'rbf', 'model__gamma': 0.001, 'model__class_weight': None, 'model__C': 30}",0.8978404906826558,0.7225510511048231,0.8289717492857124,0.8206022402593354,0.8174913828331316,0.06247223777148423,20,0.9269667876201977,0.9294507422139295,0.9523929193400027,0.9757214044786287,0.9461329634131896,0.01975032715904672,0.12864158058005803
0.2248874306678772,0.02383111344669349,0.22624683380126953,0.03674893045338284,rbf,0.1,balanced,10.0,"{'model__kernel': 'rbf', 'model__gamma': 0.1, 'model__class_weight': 'balanced', 'model__C': 10}",0.8495279317647835,0.7251843020791227,0.839218785282629,0.8697966072338462,0.8209319065900954,0.05636378564002746,18,0.997582765949782,0.9950871236911769,0.993353195178773,0.9949635185095,0.995246650832308,0.001512301307194643,0.1743147442422126
3.1528292298316956,0.6109442749289833,1.2374411821365356,0.1473361008328003,rbf,1,balanced,0.1,"{'model__kernel': 'rbf', 'model__gamma': 1, 'model__class_weight': 'balanced', 'model__C': 0.1}",0.5999616717945138,0.6529957388712518,0.7896342988078797,0.5987015350967071,0.6603233111425881,0.07780712633525377,45,0.9536091819720545,0.9293215615332486,0.9333166826074424,0.9280122344886244,0.9360649151503425,0.010315916879585411,0.2757416040077544
1.1906574964523315,0.3648604789990695,0.7794315814971924,0.3135308957922266,rbf,0.3,balanced,0.3,"{'model__kernel': 'rbf', 'model__gamma': 0.3, 'model__class_weight': 'balanced', 'model__C': 0.3}",0.8025207449717979,0.7382920626252765,0.854249493936594,0.7774571213352122,0.7931298557172202,0.0420613157523118,26,0.983314589907279,0.9773853960221539,0.9735534161112832,0.9854489307253745,0.9799255831915227,0.004718310043147401,0.1867957274743025
0.5887325406074524,0.025820316906951274,0.5457843542098999,0.13010434054187206,rbf,0.1,balanced,1.0,"{'model__kernel': 'rbf', 'model__gamma': 0.1, 'model__class_weight': 'balanced', 'model__C': 1}",0.8833071240829296,0.7345015850651638,0.853152707921494,0.8437010662138571,0.8286656208208611,0.05629884892557444,15,0.9890157933933491,0.9833284276422778,0.9861498006072436,0.9870422472853138,0.9863840672320461,0.002046399137794353,0.15771844641118493
6.133944094181061,0.8131622616349952,3.257497012615204,0.4358436720099717,rbf,0.001,balanced,0.1,"{'model__kernel': 'rbf', 'model__gamma': 0.001, 'model__class_weight': 'balanced', 'model__C': 0.1}",0.6995304482239032,0.47046219798286104,0.4987492882320302,0.6583138281915086,0.5817639406575758,0.09875265316130775,49,0.7867974034643606,0.6644952570149617,0.7666616203921304,0.7586614073000559,0.7441539220428772,0.04711961649685372,0.16238998138530147
0.5866872072219849,0.1438369308073899,0.5884739756584167,0.10019437569991677,rbf,0.001,,1.0,"{'model__kernel': 'rbf', 'model__gamma': 0.001, 'model__class_weight': None, 'model__C': 1}",0.6140533466266104,0.565136682681719,0.48756965708537203,0.6728312302856807,0.5848977291698455,0.06790729567167317,48,0.6938776826867262,0.7620340737198429,0.7711521067103612,0.7728968720031858,0.749990183780029,0.03265812077910517,0.16509245461018351
0.5623159408569336,0.11349318944007263,0.4094380736351013,0.15958769708907816,rbf,scale,balanced,3.0,"{'model__kernel': 'rbf', 'model__gamma': 'scale', 'model__class_weight': 'balanced', 'model__C': 3}",0.8908355451071353,0.7251843020791227,0.8735727234894161,0.8635537554666628,0.8382865815355842,0.0660247322659113,8,0.9935709495065631,0.9890331514617652,0.9901200283300977,0.9912552943075682,0.9909948559014985,0.0016820890295970738,0.15270827436591428
0.3969268798828125,0.13054783066757059,0.3259475827217102,0.137753566707573,rbf,scale,,10.0,"{'model__kernel': 'rbf', 'model__gamma': 'scale', 'model__class_weight': None, 'model__C': 10}",0.8928418013841052,0.7345015850651638,0.8566964673744335,0.8658893414325103,0.8374822988140532,0.06092176596428371,9,0.9956499399947847,0.9913224405927666,0.9861201186806026,0.9915713967548324,0.9911659740057467,0.00338213898115766,0.15368367519169346
0.8702672719955444,0.11287076955365924,0.772489070892334,0.2706214261883777,rbf,0.03,balanced,0.3,"{'model__kernel': 'rbf', 'model__gamma': 0.03, 'model__class_weight': 'balanced', 'model__C': 0.3}",0.8903625433396196,0.7960631247543613,0.780496949779649,0.767369532036986,0.808573037477654,0.048301182041732,24,0.9333417879653101,0.8915007929382307,0.9322399275092512,0.9493339447285909,0.9266041132853458,0.02136613558232937,0.11803107580769179
0.9847094416618347,0.16671348490643523,0.5638427138328552,0.059799058888443446,rbf,1,balanced,10.0,"{'model__kernel': 'rbf', 'model__gamma': 1, 'model__class_weight': 'balanced', 'model__C': 10}",0.6332826138672185,0.6620246835985487,0.8691244545119209,0.7079424824643215,0.7180935586105024,0.09117290024599567,35,1.0,1.0,1.0,1.0,1.0,0.0,0.2819064413894976
0.6124695539474487,0.06242751591203484,0.5531854629516602,0.08765736802256682,rbf,0.1,,0.1,"{'model__kernel': 'rbf', 'model__gamma': 0.1, 'model__class_weight': None, 'model__C': 0.1}",0.7779625015782782,0.5813878068308952,0.8240026571989949,0.7912045264328764,0.7436393730102612,0.095163476644233,33,0.9250944264411557,0.910217816282041,0.9134168831582105,0.9569931289279152,0.9264305637023306,0.018493679434926757,0.1827911906920694
0.19226032495498657,0.024727686521131175,0.12037467956542969,0.021195884937054495,rbf,0.01,balanced,100.0,"{'model__kernel': 'rbf', 'model__gamma': 0.01, 'model__class_weight': 'balanced', 'model__C': 100}",0.9158985904910827,0.7142004727459096,0.8456145313118701,0.8523468096932134,0.832015101060519,0.07334004588736497,13,0.9943597872161581,0.9887485582468281,0.9846049097818428,0.9914538927611214,0.9897917870014876,0.003592396242191859,0.1577766859409686
0.501833438873291,0.06386543129551613,0.2764819264411926,0.030113290010570674,rbf,0.3,,10.0,"{'model__kernel': 'rbf', 'model__gamma': 0.3, 'model__class_weight': None, 'model__C': 10}",0.8050325624112883,0.7288623668219549,0.8716897939958499,0.8360554597548464,0.8104100457459849,0.05265889305275122,22,0.997582765949782,0.9945491327278612,0.9957043684034176,0.9937793160869187,0.9954038957919948,0.0014324487834354773,0.18499385004601
0.8355371952056885,0.09775603698444993,0.38491708040237427,0.020321133505326112,rbf,1,,1.0,"{'model__kernel': 'rbf', 'model__gamma': 1, 'model__class_weight': None, 'model__C': 1}",0.6101955849783619,0.6578740066708679,0.8234656254818069,0.6890052399704554,0.695135114275373,0.079229743850733,41,0.9941692613938581,0.9922161321842184,0.9932163865776455,0.9914896586191941,0.9927728596937291,0.0010128183848071395,0.2976377454183561
0.2696378827095032,0.024510636351200144,0.3172294497489929,0.026042705699153474,rbf,0.01,,1.0,"{'model__kernel': 'rbf', 'model__gamma': 0.01, 'model__class_weight': None, 'model__C': 1}",0.8887504559367373,0.6707433201175909,0.7823529829297085,0.7955959436384678,0.7843606756556262,0.07735695150295632,28,0.9302803268128146,0.909690070312952,0.9259672093670375,0.9680091367009698,0.9334866857984434,0.02135943461698404,0.14912601014281723
0.35442203283309937,0.047083497880718264,0.372397243976593,0.022115768987154703,rbf,scale,,0.3,"{'model__kernel': 'rbf', 'model__gamma': 'scale', 'model__class_weight': None, 'model__C': 0.3}",0.8814356001557287,0.7118884089803725,0.8915230058576867,0.8464725027225027,0.8328298794290726,0.07179895476596997,11,0.940193330037851,0.9268625047371327,0.9585091917843367,0.9685476850444668,0.9485281779009467,0.016118873928969376,0.11569829847187407
0.28601914644241333,0.05703899560986072,0.23433053493499756,0.0389228883188746,rbf,0.001,balanced,100.0,"{'model__kernel': 'rbf', 'model__gamma': 0.001, 'model__class_weight': 'balanced', 'model__C': 100}",0.9451477424871061,0.9264655744998649,0.8279249862555081,0.8528668134736155,0.8881012791790237,0.04896113748420129,1,0.9493375082348795,0.9450567689692723,0.9692354668019652,0.9760980597486544,0.9599319509386928,0.013051932197010471,0.07183067175966906
0.33802729845046997,0.047463290115296125,0.4104388356208801,0.0561971346699802,rbf,0.003,,1.0,"{'model__kernel': 'rbf', 'model__gamma': 0.003, 'model__class_weight': None, 'model__C': 1}",0.7318578621686445,0.5405701177655593,0.6363904851703972,0.7453536150234742,0.6635430200320188,0.0824916449561042,44,0.8444783815579331,0.7814193201698852,0.8019219770776292,0.8277132600162302,0.8138832347054195,0.02410554937163526,0.15034021467340064
0.48999321460723877,0.03176995387324087,0.3359016180038452,0.01842718597068799,rbf,0.3,balanced,100.0,"{'model__kernel': 'rbf', 'model__gamma': 0.3, 'model__class_weight': 'balanced', 'model__C': 100}",0.7864634085298849,0.7291999601721786,0.8944148056244831,0.8294169836598398,0.8098737894965966,0.06038508201722857,23,1.0,1.0,1.0,1.0,1.0,0.0,0.1901262105034034
1.2373454570770264,0.08234109120771563,0.9803529381752014,0.14459146849858148,rbf,1,,0.1,"{'model__kernel': 'rbf', 'model__gamma': 1, 'model__class_weight': None, 'model__C': 0.1}",0.40699420056886254,0.44046379734756064,0.4367291952395425,0.5159148643451791,0.45002551437528615,0.0401911648949112,50,0.6630061328685241,0.7125153141748972,0.63692793312882,0.7081504980847794,0.6801499695642552,0.03159747102012393,0.23012445518896907
0.5802165269851685,0.1277705500664879,0.45810604095458984,0.10071325318999838,rbf,0.01,balanced,1.0,"{'model__kernel': 'rbf', 'model__gamma': 0.01, 'model__class_weight': 'balanced', 'model__C': 1}",0.9180557241221353,0.9395705082319254,0.7453976662864811,0.7728475670278888,0.8439678664171076,0.08573659825345398,6,0.9070191200601405,0.899448831307214,0.9302620045009549,0.951419241550572,0.9220372993547203,0.02041279561941619,0.0780694329376127
